ID;Titre;Categorie;Tags;Tendances
4350;Arayes libanais et Tzatziki maison;plats;Liban, rapide, Simple, viande hachée, Grèce;
4347;Toasts patate douce chèvre frais;aperitifs;Healthy, Végé;#VEGE #HEALTHY
4327;Gâteau Nutella Cookie Pie;patisserie;Famille, USA, Léger;#FAMILLE #HEALTHY
4324;Tarte 100% chocolat;patisserie;chocolat, dessert, France;
4321;Tajine de poulet aux olives à l'Airfryer;plats;airfryer, Famille, Orient, poulet, Maroc, Asie, Airfryer;#AIRFRYER #FAMILLE
4318;Pancakes jambon-fromage au four;patisserie;Famille, USA;#EXPRESS #FAMILLE
4262;Boulettes de viande ultra gourmandes à la sauce tomate;plats;Famille, Italie;#FAMILLE
4176;Souris d'agneau confites;plats;Famille, France;#FAMILLE
4159;Brochettes Bœuf Fromage Airfryer;plats;airfryer, Bœuf, fromage, rapide, Asie, Airfryer;#AIRFRYER
4156;Popcorn de Poulet croustillant au Airfryer;plats;airfryer, Famille, Healthy, poulet, rapide, Asie, Airfryer;#AIRFRYER #FAMILLE
4147;Gnocchis crousti au air fryer;plats;airfryer, Famille, Healthy, Italie, pates, Végé, Airfryer;#VEGE #EXPRESS
4138;Tenders de poulet croustillants à l'Air Fryer;plats;airfryer, Famille, rapide, USA, Japon, Asie, Airfryer;#EXPRESS #AIRFRYER
4132;Paccheri aux noix de cajou  et tomates cerises;plats;Famille, Italie, Pas cher, rapide;#FAMILLE
4129;Salade de Gnocchis Croustillants;entrees;Healthy, Italie, Végé, Léger;#VEGE #HEALTHY
4126;Salade César;entrees;Famille, Healthy, itlaie;#FAMILLE #HEALTHY
4123;Épaule d'agneau comme un chef;plats;Famille, France;#FAMILLE
4120;Gâteau roulé Léopard;patisserie;Famille;#EXPRESS #FAMILLE
4117;Poulet rôti à l'espagnol;plats;Espagne, Famille, Asie;#FAMILLE
4114;Tarte couronne;plats;Famille, Italie;#FAMILLE
4108;Salade de chou épicée au citron;plats;Asie, Healthy, Végé;#VEGE #HEALTHY
4105;Salade de rubans de carottes healthy;plats;Asie, Healthy, Végé;#VEGE #HEALTHY
4102;Salade fraîche mangue avocat et pistaches;plats;Grèce, Healthy, Végé;#VEGE #HEALTHY
4096;Healthy Crunch Avocado Salad;plats;Avocat, Concombre, Famille, Healthy, Léger, Orient, Végé, Liban;#VEGE #FAMILLE
4094;Mini poivrons farcis à la grecque;aperitifs;apéritif, Famille, Féta, Grèce, Healthy, poivron, Végé;#VEGE #FAMILLE
4091;Calzone de Poulet;plats;Healthy, Italie, Léger;#HEALTHY
4088;Saint-Félicien fondant aux oignons caramélisés;desserts;Famille, France;#FAMILLE
4085;Saint-Jacques sur purée de butternut et chorizo;plats;Festif, France, Noël, Asie;
4082;Hachis Parmentier maison;plats;Famille, France, Pas cher;#FAMILLE
4079;Kolokithokeftedes Grecs (Beignets de Courgettes);plats;Famille, Grèce, Pas cher, Végé;#VEGE #FAMILLE
4076;Chicken Gyros Maison;plats;fait maison, Famille, Grèce, Gyros, poulet, Espagne;#EXPRESS #FAMILLE
4073;Roulés Phyllo aux Épinards;plats;Orient, Végé;#VEGE
4070;Loukoumades grecs au miel;desserts;Famille, Grèce, miel, Végé;#VEGE #FAMILLE
4067;Stifado;plats;Bœuf, Famille, Grèce, ragout;#FAMILLE
4064;Salade de carottes croquantes au sésame;plats;accompagnement, Asie, carotte, Famille, Healthy, Léger, salade, Végé;#VEGE #FAMILLE
4061;Beef Koftas with Yogurt Dill Sauce;plats;barbecue, Bœuf, Famille, Grèce, Healthy, Kofta;#FAMILLE #HEALTHY
4058;Spanakopita;aperitifs;épinards, Famille, fromage, Grèce, Healthy, Végé;#VEGE #FAMILLE
4055;Chicken Souvlaki;plats;Famille, Grèce, Healthy, poulet;#FAMILLE #HEALTHY
4052;Moussaka Grecque;plats;aubergine, Bœuf, Famille, Grèce;#EXPRESS #FAMILLE
4049;Portokalopita (version citronnée);desserts;citron, dessert, Famille, gâteau, Grèce, Pâte filo, Végé;#VEGE #FAMILLE
4046;Pita Souvlaki;plats;Famille, Grèce, Healthy, poulet, Sandwich, Street food;#FAMILLE #HEALTHY
4043;Courgettes à la Feta Fouettée;plats;Grèce, Healthy, Végé, Léger;#VEGE #HEALTHY
4040;Bifteki avec Tzatziki et Riz aux Tomates;plats;Bœuf, Famille, Féta, Grèce, Healthy, riz, Asie;#FAMILLE #HEALTHY
4037;Spanakopita;entrees;épinards, Famille, Féta, Grèce, Healthy;#FAMILLE #HEALTHY
4034;Tzatziki Grec Célèbre;aperitifs;apéritif, Concombre, Famille, Grèce, Healthy, Léger;#FAMILLE #HEALTHY
4031;Dolma Algérienne;plats;Algérie, Bœuf, Famille, Healthy, Légumes, Orient, Maroc, Asie;#FAMILLE #HEALTHY
4028;Lebanese Beef Wrap;plats;facile, Healthy, Liban, rapide, Grèce;#EXPRESS #HEALTHY
4025;Agneau Madras;plats;Indian food, Orient, Asie;
4022;Shish Taouk Libanais;plats;barbecue, Liban, Grèce;#BARBECUE
4019;Eggplant Fatteh (Fatteh aux aubergines);plats;Orient, Végé, Asie;#VEGE #EXPRESS
4016;Kessra Farcie Algérienne;plats;Algérie, Famille, Healthy, Orient, semoule, Végé, Maroc;#VEGE #FAMILLE
4013;Mahmoos Gutaifi;plats;Famille, Orient, Grèce, Asie;#FAMILLE
4011;Soutzoukakia de Smyrne (Boulettes de viande sauce tomate);plats;Bœuf, Boulettes, Famille, Grèce, sauce tomate, USA;#FAMILLE
4008;Koobideh Kebab et Salade Shirazi;plats;Famille, Orient;#FAMILLE
4005;Kefta au tahini au four;plats;Bœuf, Famille, Four, Healthy, Orient, Tahini, Grèce;#FAMILLE #HEALTHY
4002;Lahsa Yéménite;plats;Orient, Pas cher, Végé;#VEGE
4000;Kebbé (Kibbeh) du Moyen-Orient;plats;Famille, Liban;#FAMILLE
3997;Kesra farcie à la viande hachée;plats;Famille, Orient, Maroc;#FAMILLE
3994;Kibbeh au Bulgur (Kibbeh-Bulgur);plats;Famille, Orient, Asie;#FAMILLE
3991;Riz jaune du Moyen-Orient;plats;Healthy, Orient, Végé, Asie;#VEGE #EXPRESS
3989;Falafels libanais maison;plats;Healthy, Liban, Végé;#VEGE #HEALTHY
3986;Pita farci kefta de poulet (Arayes);plats;Famille, Orient;#FAMILLE
3983;Shawarma au poulet avec sauce à l'ail et frites;plats;Famille, Orient;#FAMILLE
3980;Arayes au bœuf et sauce tahini à l'ail;plats;Famille, Orient, Grèce, USA;#FAMILLE
3978;Msemmen - Crêpe marocaine feuilletée;desserts;Famille, Orient, Pas cher, Végé, Maroc;#VEGE #FAMILLE
3975;Bambas de Nata;desserts;Espagne, Famille, Asie, USA;#EXPRESS #FAMILLE
3972;Patatas con carne (Ragoût de pommes de terre au bœuf);plats;Espagne, Famille, Pas cher;#FAMILLE
3969;Œufs à l'espagnole;plats;Espagne, Healthy, Pas cher, Végé;#VEGE #HEALTHY
3967;San Sebastian Cheesecake (Burnt Basque Cheesecake);patisserie;Espagne, Famille, USA;#FAMILLE
3965;Patatas Bravas comme à Madrid;aperitifs;Espagne, Famille;#FAMILLE
3962;Papas aliñás;plats;Espagne, Pas cher;
3960;Torrijas Caramelisées;desserts;Espagne, Famille;#FAMILLE
3957;BUENO NYC COOKIES;desserts;Famille, USA;#FAMILLE
3955;Fluffy American Pancakes;patisserie;Famille, USA, Léger;#FAMILLE #HEALTHY
3952;La vraie recette des pancakes américains;patisserie;Famille, Pas cher, USA;#FAMILLE
3949;Les meilleurs cinnamon rolls;desserts;Famille, USA;#FAMILLE
3946;Cookies sans beurre;desserts;Famille, USA;#FAMILLE
3943;Hot Honey Tenders avec Mac & Cheese;plats;"facile, Famille, fromage, Hot Honey, Mac &amp; Cheese, Poulet frit, Riche en protéines, USA, Italie";#EXPRESS #FAMILLE
3941;Sauce et poulet frit façon Raising Cane's;plats;Famille, Fast food, poulet, sauce, USA;#FAMILLE
3938;Classic Tomato Basil Bruschetta;aperitifs;Famille, Healthy, Italie, Pas cher, Végé;#VEGE #FAMILLE
3935;Travers d'agneau collants au Gochujang;plats;agneau, Asie, Collant, Famille, Gochujang;#FAMILLE
3932;Grilled Lamb Chops With Vegetables;plats;agneau, barbecue, facile, Famille, Healthy, Noël, Asie;#EXPRESS #FAMILLE
3930;Easy Grilled Eggplant Contorno;plats;barbecue, Healthy, Italie, Pas cher, Végé;#VEGE #HEALTHY
3927;Arayes Skewers (Rouleaux de viande grillés);plats;barbecue, Famille, Orient, USA;#FAMILLE #BARBECUE
3924;Steak With Crying Tiger Sauce;plats;asiatique, barbecue, Asie;#BARBECUE
3921;Pommes de terre grenailles au parmesan et gruyère;plats;barbecue, Famille, France, Italie;#FAMILLE #BARBECUE
3918;Ailes de poulet BBQ croustillantes;aperitifs;barbecue, facile, Famille, poulet, USA;#FAMILLE #BARBECUE
3915;Yogurt Marinated Chicken;plats;barbecue, Healthy;#HEALTHY #BARBECUE
3913;Brochette Bœuf Fromage BBQ;plats;barbecue, France, Asie;#BARBECUE
3910;Hauts de cuisse de poulet marinés au barbecue;plats;barbecue, Famille, USA;#FAMILLE #BARBECUE
3907;Carottes croustillantes au parmesan;aperitifs;Famille, Italie, Pas cher;#FAMILLE
3904;Gnocchis Croustillants Apéro;aperitifs;Famille, Italie, Pas cher, Airfryer;#AIRFRYER #FAMILLE
3901;Balls de pomme de terre au persil et parmesan;aperitifs;Famille, Italie, Pas cher, Végé;#VEGE #FAMILLE
3898;Rillettes de Thon;aperitifs;facile, France, Healthy, rapide, Tartinade;#HEALTHY
3895;Toasts patate douce chèvre frais;aperitifs;Healthy;#HEALTHY
3892;Gazpacho maison;plats;Espagne, Healthy, Végé;#VEGE #HEALTHY
3887;Tempura de légumes;aperitifs;;
3884;Wrap sain & gourmand au thon;plats;;
3875;Mayonnaise maison à la fourchette;plats;;
3869;Mini Pizza Extra Moelleuse;aperitifs;Italie;#EXPRESS
3863;Feuilletés chèvre miel;aperitifs;;#EXPRESS
3857;Feuilleté apéritif au fromage et ail;aperitifs;Italie;
3851;Chips maison de légumes (Betterave, Carotte, Navet);aperitifs;Italie;
3848;Boulettes de pommes de terre épinards et mozzarella;plats;Italie, Végé;#VEGE
3842;Champis de la flemme;plats;Italie, Léger;#HEALTHY
3839;Fougasse traditionnelle aux herbes;desserts;Italie, USA;
3836;Tartine fraîcheur avocat saumon;plats;;
3826;Focaccia inratable;aperitifs;apéritif, Focaccia, Italie, Pain, Végé;#VEGE #EXPRESS
3811;Flammekueche;plats;apéritif, flammekueche, France, Fromage blanc, lardons, oignons, Tarte Flambée;
3803;Guacamole;aperitifs;apéritif, Avocat, facile, guacamole, Healthy, Mexique, Végé, Espagne;#VEGE #HEALTHY
3796;Gaspacho Concombre Menthe Feta;entrees;Concombre, Espagne, été, Féta, Healthy, menthe, rapide, Sans Gluten, Soupe Froide, Végé, Grèce;#VEGE #HEALTHY
3789;Pain spécial pita;plats;Liban, Pain, Grèce;
3744;Salade de Pommes de Terre Rôties, Tomates, Pois Chiches et Ricotta;plats;Healthy, italien, Pois chiche, pomme de terre, rapide, ricotta, roti, salade, tomate, Végé, Italie;#VEGE #HEALTHY
3741;Uova in purgatorio;plats;Italie, mediterraneen, oeufs, tomate, Végé;#VEGE
3735;Boulettes italiennes (Polpette);plats;Boulettes, frit, Italie, plat principal, Polpette, Viande;
3732;Tajine de Kefta Végétarien;plats;champignons, épicé, Healthy, Lentilles, Marocain, oeufs, Tajine, tomate, Végé, Maroc, Asie;#VEGE #EXPRESS
3729;Curry de pois chiches aux noix de cajou grillées;plats;curry, Healthy, Indien, Noix de cajou, Pois chiches, Végé, Asie;#VEGE #EXPRESS
3726;Escalopes de poulet sauce champignons;plats;champignons, Healthy, plat principal, pommes de terre, poulet, Asie, Léger, Airfryer;#AIRFRYER #HEALTHY
3723;Alfredo Chicken Pasta;plats;Alfredo, Healthy, italien, pates, poulet, protéiné, Italie;#EXPRESS #HEALTHY
3720;Saumon croustillant et mayonnaise épicée;plats;airfryer, Croustillant, épicé, facile, Healthy, plat principal, rapide, saumon, Grèce, Asie, Airfryer;#AIRFRYER #HEALTHY
3717;Boulettes de poulet en sauce oignon caramélisé;plats;;
3714;Farfalle al salmone;plats;Italie;
3701;Tarte aux framboises et pistache;desserts;;
3699;Loaded Fries;plats;;
3669;Bœuf effiloché et son Gratin Dauphinois;plats;Bœuf, effiloché, gratin dauphinois, Mexique, recette facile, tex-mex;
3667;Poulet Bang Bang & Patates Douces Rôties;plats;airfryer, bang bang chicken, France, Healthy, patate douce, perte de poids, poulet, rapide, Asie, Léger, Airfryer;#AIRFRYER #HEALTHY
3657;Tartelettes au Citron;desserts;citron, dessert, français, lemon curd, Map, pâte sucrée, tartelette, France, USA;
3655;Tarte aux dattes (Date Tart);desserts;Cuisine orientale, dattes, dessert, Map, sucré, tarte;
3653;Pâtes à la sauce tomate épicée et ricotta fouettée;plats;épicé, Italie, italien, pates, ricotta, Végétarien;#VEGE #EPICE
3648;Croquetas à la pancetta et au Manchego;entrees;croquetas, Espagne, friture, fromage, pancetta, tapas;
3634;Toum express;plats;ail, Condiment, cuisine libanaise, Dip, fait maison, Liban, recette facile, recette rapide, Toum;
3629;Arayes libanais;plats;Arayes, facile, fait maison, Liban, libanais, Mezze, moyen-orient, oriental, pain pita, rapide, Grèce;
3626;Houmous bil Lahmé;entrees;cuisine du monde, facile, Houmous, Liban, libanais, Mezze, rapide, Viande;
3621;Kefta à la Sauce Tahini;plats;Chef Abu Julia, Cuisine orientale, Healthy, Kefta, moyen-orient, ramadan, Savoureux, Tahini, viande hachée, Grèce;#HEALTHY
3618;Sfiha Baalbakiye (carrés farcis à la viande);entrees;apéritif, baalbakiye, fêtes, Liban, libanais, oriental, salé, sfiha, Viande;
3614;Shish Taouk (Brochettes de poulet);plats;barbecue, brochettes, citron, épices, facile, Liban, libanais, marinade, moyen-orient, poulet, Asie;#BARBECUE
3608;Batata Harra Libanaise;plats;apéritif, épicé, facile, Liban, libanais, pommes de terre;#EPICE
3603;Fatteh aux Aubergines;plats;aubergine, facile, Fatteh, Liban, libanais, ramadan, rapide, Végétarien;#VEGE
3597;Tabouleh à la libanaise;plats;citron, entrée, facile, frais, herbes, Liban, libanais, moyen-orient, ramadan, rapide;
3588;Pain pita maison;plats;boulangerie, cuisine méditerranéenne, facile, Liban, maison, Pain, pain pita, recette rapide, Végétarien;#VEGE
3582;Kebbé traditionnel libanais;plats;Boulgour, épicé, frit, Liban, libanais, traditionnel, Viande;#EPICE
3576;Ganache montée vanille;desserts;chocolat blanc, creme, France, ganache montée, pâtisserie, recette facile, vanille;
3570;Poulet Parmigiana;plats;facile, fromage, Italie, italien, parmigiana, poulet, rapide;#EXPRESS
3562;Tartelettes aux Fruits Rouges et Vanille;desserts;confit, crème d'amande, dessert, fait maison, fruits rouges, ganache montée, pâte sucrée, tartelette, vanille;
3555;Cupcakes crème brûlée;patisserie;chalumeau, crème brûlée, cupcakes, dessert, facile, gourmand, pâtisserie, vanille;
3552;Tartelettes Mangue Passion et Ganache Montée Vanille;desserts;exotique, gourmand, mangue, passion, pâtisserie, tartelette, vanille;
3549;Pavlova à la compotée de fraises des bois, au sorbet au babeurre et au lemon curd;desserts;dessert, été, eton mess, fraise, lemon curd, meringue, pavlova, sorbet, France;
3541;Flan au Caramel;desserts;bain-marie, caramel, creme, dessert, facile, flan;
3539;Gâteau spéculoos, fruits rouges et mascarpone;patisserie;facile, fait maison, frais, fruits rouges, gourmand, mascarpone, spéculoos;
3537;Layer Cake aux Fruits Rouges;patisserie;anniversaire, fleur d'oranger, fruits rouges, gâteau, layer cake, mariage, mascarpone, recette;
3535;Frites Longues Japonaises;plats;facile, frites, pomme de terre, rapide, snack, Japon;
3533;Gnocchi di ricotta alla sorrentina;plats;facile, gnocchi, italien, mozzarella, plat principal, ricotta, sorrentina, tomate, traditionnel, Italie;
3531;Torta della Nonna;patisserie;citron, dessert, facile, gâteau, italien, pâtisserie, pignons de pin, tarte, traditionnel, vanille, Italie, Espagne;
3505;Poulet croustillant sauce aigre-douce;plats;asiatique, Croustillant, dîner, facile, poulet, rapide, sucré-salé, Asie;
3499;Brookie;desserts;baking, Brookie, brownie, chocolat, cookie, dessert, facile, gourmand, rapide;
3493;Galette de pomme de terre;plats;accompagnement, facile, galette de pomme de terre, pomme de terre, rapide, rosti, Grèce, Famille;#FAMILLE
3489;Biscuit au Caramel et Chocolat;desserts;biscuit, caramel, chocolat, facile, fait maison, gourmand, rapide;#EXPRESS
3486;Cake Caramel Chocolat;patisserie;cake, caramel, chocolat, fait maison, gourmand, pâtisserie, recette facile;
3483;CROSTONI SALSICCIA E STRACCHINO;aperitifs;Antipasto, Bruschetta, Crostino, Croustillant, Cuisine Italienne, facile, Four, fromage, italien, Pain, Italie;
3480;Piccata de poulet à l'italienne;plats;citron, dîner, italien, piccata, plat principal, poulet, purée, recette facile, recette simple, Italie;
3304;Navettes mascarpone & saumon;aperitifs;navette, saumon;
3300;Porc façon Gyros et ses pommes de terres rôties;plats;grenaillle, pomme de terre, porc, Grèce, Airfryer;#AIRFRYER
3295;Brandade de morue;plats;brandade, Cabillaud, morue, Poisson, purée;
3108;Bianca - Brunch à Paris (Bourse);restaurant;bianca, italien, Italie, France, Liban, Asie, USA;
1300;Joji - Paris 4;restaurant;France, Japon, Asie;
1214;Ble coeur - Le Raincy;restaurant;blé, coeur, Italie;
1187;Il Venezia - Paris 12;restaurant;Venezia, Italie;
278;L'Odysee;restaurant;creperie;
260;Bistrot à Burger;restaurant;burger, Italie, France, Japon, Asie, USA, Famille;#FAMILLE
237;Le club des cinq;restaurant;USA;
163;Japonais Ippudo;restaurant;buns, japonais, ramen, Japon;
115;Trattoria La Cicciolina;restaurant;italien, trattoria, Italie, France;